# read_id	hap_truth	alleles
r0	0	10100110-010101000100011111111010101010-1000101011-00100-0000010110010100011110000110001010010110010
r1	0	1010011010101010001000111111110101010101100010101100010010000010-1001010001111000011-001010--1110010
r2	0	1010-110101010100010-011111111010101010110001010110101-010000010110010100011110000110001-10010110010
r3	0	1010-1101110101000100011-1111101010101011000101011000100100-0011-100101000111100001100010-0010110010
r4	0	10-0-1101010-010-01-00111111110101010101100010101100-100100000101100101000111100001100010100-01-0010
r5	1	0001000110-10-10000110000111-010-10-0-001110-1100100101110001011-1-0101010111001--0100110101101-0011
r6	1	0001000110-101100001100001111010010101001-100110010010111000101101001010-011100110010011010010100011
r7	0	10100110101010100010001111111101010101011-0010101100010010000010110-10100011110000110001-10010110010
r8	0	10100110101110-00010001111111101010101-1100010101100010010000010110010-00011110000110001000010110110
r9	1	000100011011011000011000011-00-0010101001110011001001011100010110100101010--10011001001101-110100011
r10	1	000100011011011000011000011110-0010101001110011001001011100010110100101010111001100--01-0101-0100011
r11	1	0001000110110110000110000-1110100-01010011100110010-101-100-1011010010100011100110010011010110100011
r12	1	00-10001101-0110000110000111101001010100111001100100101110001011010010101011100110010011010110100011
r13	1	0001000110110110000110000111101001010-001110011001001011000010110100101010111001100100-10-0100100011
r14	0	10100110101010100010001111111-010101010110001010110001001000001011001010001111000011000101-0101100-0
r15	0	101001101010-110001000111111110101010101100010101100010010000010110010100011110000110001010010110010
r16	1	000100-110-1011000011000011110100101010011100110010010111000101-0100101-10111001-00100110101101-00-1
r17	1	000100011-11011000-11-0001111010010101001110011001001011101010110100101010111011-011001-0101-0100011
r18	0	-010011-1010101-00100-111111110101010101100010101-0001001000001011-01010001111000011-00-010-1011001-
r19	1	000100011011011000011-0001111-10010101001110001001001011100010110100101000111001100100110101101000-1
r20	0	101001101010101000100011111111010101010110001-1011000100100000101-0--010001111000011000101-010110010
r21	1	0001000110110110000-100001111010010101001110011001001--11-00101-010010101011100110010011010110100011
r22	1	0001100110110110-00110000111101001000100111001100100101110001011010010-01011100110010011010110100011
r23	0	101-0110-01010100011001111-11-010101-101-000001011-001-0100000101100101000-1110000110001010010110010
r24	0	1010001010101010001000111111110101010101100010101100010010000010110-10100011110000110001-10010110010
r25	0	-010011010101010001-00111111110101000101100-101011000100100000101100101000111100-01--001010010110010
r26	1	000100011-11011000011000011110100101010-11-001100-001011-0001011010010101011100110010011-10-10100001
r27	1	000100011-11011000011000011-101001010100111001100100101110001011010010101011100110011011010110100011
r28	0	1010111-10101010001000111111110101010101-000100011000100100000101-0010100011110000110001010010110010
r29	0	101-0110101010100010-011111111010101010110001-10-100010010000-10110010100011-1000011000-010010110010
r30	1	000100011011011000011000-1111-100101010011100110010-10111000101001000-10101-1-011001001101-110100011
r31	0	10-00110101010100010-0-111111101010101011-0010-0110001001000001-110010100011110000110001010010110010
r32	0	00100110-010-010001000--1111-101-1010101100010101100010010000-1011001110-011110000110001010010110010
r33	0	--10011010111010001000111111110101010101100010101100000010000010-1001010001-110000110001010010110010
r34	1	00110001101-011000011000011110100101010011100110010010111000-011010--0101011100110011011010110100011
r35	1	00010001100101100001100001111010010101001110011001001011100010-1010010-010-110011001001101011-100011
r36	0	1010011-10101010001000111111110-01010101100010-0-100010-10000010110010100011110000110001010000110010
r37	1	000-0001101101100001100001110010010101001110011001001011100010110-00101010011001100-0011010110100011
r38	1	00010001101101100001100001111010010101001110-1100100101110001011010010101011100110010011010110100011
r39	0	10100-101010-010-01000111-1111010101-101100010101100010010000010110010100011110000111001010-10110010
r40	1	0-010001101101100-01100001-110100101010011100-1001-01011100010110100101010-110011001-011010110100011
r41	1	000100--10100110000110000111101001010100111001100-0010111000101101001010-01110011001001--1011010001-
r42	0	1010011010-01010001-00111111-10101010101100-10101100010010000010110010-00011110000110001010010110010
r43	0	1010011010--1010001000-11111-10101010-01100010101100010010000010110010100011110000110001010010110010
r44	1	00010001101-0-1000011000011110100101010011-00110010-101010001011010010101011100110011011000110100011
r45	1	0001000-1011011-00011000011110100101010011-0-1100100101110001-1101001010-011100110010-10010110100011
r46	0	1010001-10101010001000111111-10101011101100010101100010010000010110010100011110000110001010010110010
r47	1	00010001101101100001000001111010010-01-011100110010010111000-0110100101010-110011001001101011010001-
r48	1	-0-100011011011000010000011110100101010011100110010010111000101101001010-0111001100100110101101-0011
r49	0	1010011-10001010101000111-11110101010101100-1-1-1100-100-000001001001010001-11001001000-010010110-10
